<?xml version="1.0" encoding="utf-8" ?><dwsync><file name="._fhbg.gif" server="brooksidewalkandtrain.com//Brookside/" local="3582721519" remote="3378517200" Dst="-1" /><file name="._wbg.gif" server="brooksidewalkandtrain.com//Brookside/" local="3582721519" remote="3378517200" Dst="-1" /><file name="bg.gif" server="brooksidewalkandtrain.com//Brookside/" local="3582721520" remote="3378517200" Dst="-1" /><file name="Thumbs.db" server="brooksidewalkandtrain.com//Brookside/" local="3582721520" remote="3378517200" Dst="-1" /><file name="btn-sprite.gif" server="brooksidewalkandtrain.com//Brookside/" local="3582721520" remote="3378517200" Dst="-1" /><file name="ddn.png" server="brooksidewalkandtrain.com//Brookside/" local="3582721520" remote="3378517200" Dst="-1" /><file name="dn.png" server="brooksidewalkandtrain.com//Brookside/" local="3582721520" remote="3378517200" Dst="-1" /><file name="fhbg.gif" server="brooksidewalkandtrain.com//Brookside/" local="3582721521" remote="3378517200" Dst="-1" /><file name="first.gif" server="brooksidewalkandtrain.com//Brookside/" local="3582721521" remote="3378517200" Dst="-1" /><file name="hl.png" server="brooksidewalkandtrain.com//Brookside/" local="3582721521" remote="3378517200" Dst="-1" /><file name="last.gif" server="brooksidewalkandtrain.com//Brookside/" local="3582721521" remote="3378517200" Dst="-1" /><file name="line.gif" server="brooksidewalkandtrain.com//Brookside/" local="3582721521" remote="3378517200" Dst="-1" /><file name="load.gif" server="brooksidewalkandtrain.com//Brookside/" local="3582721521" remote="3378517200" Dst="-1" /><file name="load.png" server="brooksidewalkandtrain.com//Brookside/" local="3582721521" remote="3378517200" Dst="-1" /><file name="magnifier.png" server="brooksidewalkandtrain.com//Brookside/" local="3582721521" remote="3378517200" Dst="-1" /><file name="next.gif" server="brooksidewalkandtrain.com//Brookside/" local="3582721522" remote="3378517200" Dst="-1" /><file name="prev.gif" server="brooksidewalkandtrain.com//Brookside/" local="3582721522" remote="3378517200" Dst="-1" /><file name="up.png" server="brooksidewalkandtrain.com//Brookside/" local="3582721522" remote="3378517200" Dst="-1" /><file name="uup.png" server="brooksidewalkandtrain.com//Brookside/" local="3582721522" remote="3378517200" Dst="-1" /><file name="wbg.gif" server="brooksidewalkandtrain.com//Brookside/" local="3582721522" remote="3378517200" Dst="-1" /></dwsync>