<?xml version="1.0" encoding="utf-8" ?><dwsync><file name="accept.png" server="brooksidewalkandtrain.com//Brookside/" local="3582721492" remote="3378517200" Dst="-1" /><file name="add.png" server="brooksidewalkandtrain.com//Brookside/" local="3582721492" remote="3378517200" Dst="-1" /><file name="Thumbs.db" server="brooksidewalkandtrain.com//Brookside/" local="3582721492" remote="3378517200" Dst="-1" /><file name="admin.ico" server="brooksidewalkandtrain.com//Brookside/" local="3582721492" remote="3378517200" Dst="-1" /><file name="ajax-loader-3.gif" server="brooksidewalkandtrain.com//Brookside/" local="3582721492" remote="3378517200" Dst="-1" /><file name="ajax-loader.gif" server="brooksidewalkandtrain.com//Brookside/" local="3582721492" remote="3378517200" Dst="-1" /><file name="ajax-uploader.gif" server="brooksidewalkandtrain.com//Brookside/" local="3582721493" remote="3378517200" Dst="-1" /><file name="application_form_add.png" server="brooksidewalkandtrain.com//Brookside/" local="3582721493" remote="3378517200" Dst="-1" /><file name="application_view_list_input.png" server="brooksidewalkandtrain.com//Brookside/" local="3582721493" remote="3378517200" Dst="-1" /><file name="application_view_tile.png" server="brooksidewalkandtrain.com//Brookside/" local="3582721493" remote="3378517200" Dst="-1" /><file name="arrow_down.png" server="brooksidewalkandtrain.com//Brookside/" local="3582721493" remote="3378517200" Dst="-1" /><file name="arrow_out.png" server="brooksidewalkandtrain.com//Brookside/" local="3582721493" remote="3378517200" Dst="-1" /><file name="arrow_undo.png" server="brooksidewalkandtrain.com//Brookside/" local="3582721493" remote="3378517200" Dst="-1" /><file name="arrow_up.png" server="brooksidewalkandtrain.com//Brookside/" local="3582721494" remote="3378517200" Dst="-1" /><file name="bell.png" server="brooksidewalkandtrain.com//Brookside/" local="3582721494" remote="3378517200" Dst="-1" /><file name="bug.png" server="brooksidewalkandtrain.com//Brookside/" local="3582721494" remote="3378517200" Dst="-1" /><file name="bullet_blue.png" server="brooksidewalkandtrain.com//Brookside/" local="3582721494" remote="3378517200" Dst="-1" /><file name="button.png" server="brooksidewalkandtrain.com//Brookside/" local="3582721494" remote="3378517200" Dst="-1" /><file name="checkbox.png" server="brooksidewalkandtrain.com//Brookside/" local="3582721494" remote="3378517200" Dst="-1" /><file name="color_wheel.png" server="brooksidewalkandtrain.com//Brookside/" local="3582721495" remote="3378517200" Dst="-1" /><file name="color_wheel_input.png" server="brooksidewalkandtrain.com//Brookside/" local="3582721495" remote="3378517200" Dst="-1" /><file name="comment.png" server="brooksidewalkandtrain.com//Brookside/" local="3582721495" remote="3378517200" Dst="-1" /><file name="country.png" server="brooksidewalkandtrain.com//Brookside/" local="3582721496" remote="3378517200" Dst="-1" /><file name="country_field.png" server="brooksidewalkandtrain.com//Brookside/" local="3582721496" remote="3378517200" Dst="-1" /><file name="bullet_go.png" server="brooksidewalkandtrain.com//Brookside/" local="3582721498" remote="3378517200" Dst="-1" /><file name="delete.png" server="brooksidewalkandtrain.com//Brookside/" local="3582721499" remote="3378517200" Dst="-1" /><file name="date.png" server="brooksidewalkandtrain.com//Brookside/" local="3582721500" remote="3378517200" Dst="-1" /><file name="dropdown.png" server="brooksidewalkandtrain.com//Brookside/" local="3582721500" remote="3378517200" Dst="-1" /><file name="date_input.png" server="brooksidewalkandtrain.com//Brookside/" local="3582721501" remote="3378517200" Dst="-1" /><file name="editor_application_form_add.png" server="brooksidewalkandtrain.com//Brookside/" local="3582721501" remote="3378517200" Dst="-1" /><file name="editor_image_add.png" server="brooksidewalkandtrain.com//Brookside/" local="3582721501" remote="3378517200" Dst="-1" /><file name="editor_page_attach.png" server="brooksidewalkandtrain.com//Brookside/" local="3582721501" remote="3378517200" Dst="-1" /><file name="editor_page_white_excel.png" server="brooksidewalkandtrain.com//Brookside/" local="3582721501" remote="3378517200" Dst="-1" /><file name="email_field.png" server="brooksidewalkandtrain.com//Brookside/" local="3582721502" remote="3378517200" Dst="-1" /><file name="error.png" server="brooksidewalkandtrain.com//Brookside/" local="3582721502" remote="3378517200" Dst="-1" /><file name="feed-icon-16x16.gif" server="brooksidewalkandtrain.com//Brookside/" local="3582721502" remote="3378517200" Dst="-1" /><file name="folder.png" server="brooksidewalkandtrain.com//Brookside/" local="3582721502" remote="3378517200" Dst="-1" /><file name="folder_image.png" server="brooksidewalkandtrain.com//Brookside/" local="3582721502" remote="3378517200" Dst="-1" /><file name="group.png" server="brooksidewalkandtrain.com//Brookside/" local="3582721503" remote="3378517200" Dst="-1" /><file name="heart_add.png" server="brooksidewalkandtrain.com//Brookside/" local="3582721503" remote="3378517200" Dst="-1" /><file name="heart_delete.png" server="brooksidewalkandtrain.com//Brookside/" local="3582721503" remote="3378517200" Dst="-1" /><file name="image_add.png" server="brooksidewalkandtrain.com//Brookside/" local="3582721503" remote="3378517200" Dst="-1" /><file name="information.png" server="brooksidewalkandtrain.com//Brookside/" local="3582721504" remote="3378517200" Dst="-1" /><file name="layout_content.png" server="brooksidewalkandtrain.com//Brookside/" local="3582721504" remote="3378517200" Dst="-1" /><file name="lightning.png" server="brooksidewalkandtrain.com//Brookside/" local="3582721504" remote="3378517200" Dst="-1" /><file name="email.png" server="brooksidewalkandtrain.com//Brookside/" local="3582721504" remote="3378517200" Dst="-1" /><file name="lightning_input.png" server="brooksidewalkandtrain.com//Brookside/" local="3582721504" remote="3378517200" Dst="-1" /><file name="link_go.png" server="brooksidewalkandtrain.com//Brookside/" local="3582721505" remote="3378517200" Dst="-1" /><file name="loading.gif" server="brooksidewalkandtrain.com//Brookside/" local="3582721505" remote="3378517200" Dst="-1" /><file name="note.png" server="brooksidewalkandtrain.com//Brookside/" local="3582721505" remote="3378517200" Dst="-1" /><file name="page_attach.png" server="brooksidewalkandtrain.com//Brookside/" local="3582721505" remote="3378517200" Dst="-1" /><file name="page_edit.png" server="brooksidewalkandtrain.com//Brookside/" local="3582721506" remote="3378517200" Dst="-1" /><file name="page_refresh.png" server="brooksidewalkandtrain.com//Brookside/" local="3582721506" remote="3378517200" Dst="-1" /><file name="page_white_excel.png" server="brooksidewalkandtrain.com//Brookside/" local="3582721506" remote="3378517200" Dst="-1" /><file name="page_white_word.png" server="brooksidewalkandtrain.com//Brookside/" local="3582721506" remote="3378517200" Dst="-1" /><file name="phone_field.png" server="brooksidewalkandtrain.com//Brookside/" local="3582721506" remote="3378517200" Dst="-1" /><file name="radio.png" server="brooksidewalkandtrain.com//Brookside/" local="3582721506" remote="3378517200" Dst="-1" /><file name="recaptcha.png" server="brooksidewalkandtrain.com//Brookside/" local="3582721506" remote="3378517200" Dst="-1" /><file name="script.png" server="brooksidewalkandtrain.com//Brookside/" local="3582721506" remote="3378517200" Dst="-1" /><file name="star.png" server="brooksidewalkandtrain.com//Brookside/" local="3582721507" remote="3378517200" Dst="-1" /><file name="state_field.png" server="brooksidewalkandtrain.com//Brookside/" local="3582721507" remote="3378517200" Dst="-1" /><file name="tag_blue.png" server="brooksidewalkandtrain.com//Brookside/" local="3582721507" remote="3378517200" Dst="-1" /><file name="tag_blue_add.png" server="brooksidewalkandtrain.com//Brookside/" local="3582721507" remote="3378517200" Dst="-1" /><file name="tag_blue_edit.png" server="brooksidewalkandtrain.com//Brookside/" local="3582721507" remote="3378517200" Dst="-1" /><file name="textfield.png" server="brooksidewalkandtrain.com//Brookside/" local="3582721508" remote="3378517200" Dst="-1" /><file name="tag_blue_delete.png" server="brooksidewalkandtrain.com//Brookside/" local="3582721508" remote="3378517200" Dst="-1" /><file name="thumb_down.png" server="brooksidewalkandtrain.com//Brookside/" local="3582721508" remote="3378517200" Dst="-1" /><file name="thumb_up.png" server="brooksidewalkandtrain.com//Brookside/" local="3582721508" remote="3378517200" Dst="-1" /><file name="time.png" server="brooksidewalkandtrain.com//Brookside/" local="3582721508" remote="3378517200" Dst="-1" /><file name="ts_asc.gif" server="brooksidewalkandtrain.com//Brookside/" local="3582721508" remote="3378517200" Dst="-1" /><file name="ts_bg.gif" server="brooksidewalkandtrain.com//Brookside/" local="3582721508" remote="3378517200" Dst="-1" /><file name="ts_desc.gif" server="brooksidewalkandtrain.com//Brookside/" local="3582721508" remote="3378517200" Dst="-1" /><file name="user.png" server="brooksidewalkandtrain.com//Brookside/" local="3582721509" remote="3378517200" Dst="-1" /><file name="website_field.png" server="brooksidewalkandtrain.com//Brookside/" local="3582721509" remote="3378517200" Dst="-1" /><file name="widgets.png" server="brooksidewalkandtrain.com//Brookside/" local="3582721509" remote="3378517200" Dst="-1" /><file name="world_go.png" server="brooksidewalkandtrain.com//Brookside/" local="3582721509" remote="3378517200" Dst="-1" /></dwsync>