<?xml version="1.0" encoding="utf-8" ?><dwsync><file name="AC_RunActiveContent.js" server="brooksidewalkandtrain.com//Brookside/" local="3582721088" remote="3360110400" Dst="-1" /><file name="FooterNew.php" server="brooksidewalkandtrain.com//Brookside/" local="3582721088" remote="3361406400" Dst="-1" /><file name="ArtFlashGalleryDemo.swf" server="brooksidewalkandtrain.com//Brookside/" local="3582721089" remote="3360196800" Dst="-1" /><file name="HtmlContact.php" server="brooksidewalkandtrain.com//Brookside/" local="3582721089" remote="3374542800" Dst="-1" /><file name="about.php" server="brooksidewalkandtrain.com//Brookside/" local="3582721308" remote="3379294800" Dst="-1" /><file name="contact.php" server="brooksidewalkandtrain.com//Brookside/" local="3582721316" remote="3379294800" Dst="-1" /><file name="contact2.php" server="brooksidewalkandtrain.com//Brookside/" local="3582721316" remote="3374542800" Dst="-1" /><file name="contactForm.php" server="brooksidewalkandtrain.com//Brookside/" local="3582721316" remote="3374542800" Dst="-1" /><file name="footer.php" server="brooksidewalkandtrain.com//Brookside/" local="3582721317" remote="3540430800" Dst="-1" /><file name="google236d8c061ead527a.html" server="brooksidewalkandtrain.com//Brookside/" local="3582721317" remote="3360369600" Dst="-1" /><file name="gallery.xml" server="brooksidewalkandtrain.com//Brookside/" local="3582721317" remote="3360196800" Dst="-1" /><file name="header.php" server="brooksidewalkandtrain.com//Brookside/" local="3582721317" remote="3540430800" Dst="-1" /><file name="index.php" server="brooksidewalkandtrain.com//Brookside/" local="3582721476" remote="3387758400" Dst="-1" /><file name="main.swf" server="brooksidewalkandtrain.com//Brookside/" local="3582721485" remote="3360196800" Dst="-1" /><file name="policies.php" server="brooksidewalkandtrain.com//Brookside/" local="3582721485" remote="3379294800" Dst="-1" /><file name="preview.swf" server="brooksidewalkandtrain.com//Brookside/" local="3582721485" remote="3377826000" Dst="-1" /><file name="referrals.php" server="brooksidewalkandtrain.com//Brookside/" local="3582721486" remote="3379294800" Dst="-1" /><file name="services.php" server="brooksidewalkandtrain.com//Brookside/" local="3582721527" remote="3576607200" Dst="-1" /><file name="slideshowCode.php" server="brooksidewalkandtrain.com//Brookside/" local="3582721527" remote="3361406400" Dst="-1" /><file name="success.php" server="brooksidewalkandtrain.com//Brookside/" local="3582721528" remote="3374542800" Dst="-1" /><file name="testimonials.php" server="brooksidewalkandtrain.com//Brookside/" local="3582721528" remote="3375234000" Dst="-1" /><file name="tryContact.php" server="brooksidewalkandtrain.com//Brookside/" local="3582721528" remote="3378517200" Dst="-1" /></dwsync>