<?xml version="1.0" encoding="utf-8" ?><dwsync><file name="accept.png" server="brooksidewalkandtrain.com//Brookside/" local="3582721519" remote="3378517200" Dst="-1" /><file name="coffee.png" server="brooksidewalkandtrain.com//Brookside/" local="3582721519" remote="3378517200" Dst="-1" /><file name="flash.png" server="brooksidewalkandtrain.com//Brookside/" local="3582721523" remote="3378517200" Dst="-1" /><file name="flexigrid.js" server="brooksidewalkandtrain.com//Brookside/" local="3582721523" remote="3378517200" Dst="-1" /><file name="flexigrid.pack.js" server="brooksidewalkandtrain.com//Brookside/" local="3582721523" remote="3378517200" Dst="-1" /><file name="index.html" server="brooksidewalkandtrain.com//Brookside/" local="3582721523" remote="3378517200" Dst="-1" /><file name="post.php" server="brooksidewalkandtrain.com//Brookside/" local="3582721524" remote="3378517200" Dst="-1" /><file name="post2.php" server="brooksidewalkandtrain.com//Brookside/" local="3582721524" remote="3378517200" Dst="-1" /><file name="sample1.html" server="brooksidewalkandtrain.com//Brookside/" local="3582721524" remote="3378517200" Dst="-1" /><file name="style.css" server="brooksidewalkandtrain.com//Brookside/" local="3582721524" remote="3378517200" Dst="-1" /></dwsync>