<?xml version="1.0" encoding="utf-8" ?><dwsync><file name="ajax.recaptcha.php" server="brooksidewalkandtrain.com//Brookside/" local="3582721476" remote="3378517200" Dst="-1" /><file name="coda-slider.1.1.1.pack.js" server="brooksidewalkandtrain.com//Brookside/" local="3582721477" remote="3378517200" Dst="-1" /><file name="cufon-yui.js" server="brooksidewalkandtrain.com//Brookside/" local="3582721477" remote="3378517200" Dst="-1" /><file name="doajaxfileupload.php" server="brooksidewalkandtrain.com//Brookside/" local="3582721480" remote="3378517200" Dst="-1" /><file name="download_csv.php" server="brooksidewalkandtrain.com//Brookside/" local="3582721480" remote="3378517200" Dst="-1" /><file name="expressInstall.swf" server="brooksidewalkandtrain.com//Brookside/" local="3582721480" remote="3378517200" Dst="-1" /><file name="fancy.js" server="brooksidewalkandtrain.com//Brookside/" local="3582721481" remote="3378517200" Dst="-1" /><file name="form_config.ini" server="brooksidewalkandtrain.com//Brookside/" local="3582721481" remote="3378517200" Dst="-1" /><file name="form_processor.php" server="brooksidewalkandtrain.com//Brookside/" local="3582721481" remote="3378517200" Dst="-1" /><file name="general.js" server="brooksidewalkandtrain.com//Brookside/" local="3582721481" remote="3378517200" Dst="-1" /><file name="jquery-1.2.6.min.js" server="brooksidewalkandtrain.com//Brookside/" local="3582721481" remote="3378517200" Dst="-1" /><file name="jquery-animate-css-rotate-scale.js" server="brooksidewalkandtrain.com//Brookside/" local="3582721481" remote="3378517200" Dst="-1" /><file name="jquery-css-transform.js" server="brooksidewalkandtrain.com//Brookside/" local="3582721482" remote="3378517200" Dst="-1" /><file name="jquery-easing-1.3.pack.js" server="brooksidewalkandtrain.com//Brookside/" local="3582721482" remote="3378517200" Dst="-1" /><file name="jquery-1.4.2.min.js" server="brooksidewalkandtrain.com//Brookside/" local="3582721482" remote="3378517200" Dst="-1" /><file name="jquery-easing-compatibility.1.2.pack.js" server="brooksidewalkandtrain.com//Brookside/" local="3582721482" remote="3378517200" Dst="-1" /><file name="jquery.cycle.all.min.js" server="brooksidewalkandtrain.com//Brookside/" local="3582721483" remote="3378517200" Dst="-1" /><file name="jquery.cycle.all.min" server="brooksidewalkandtrain.com//Brookside/" local="3582721483" remote="3378517200" Dst="-1" /><file name="jquery.easing.1.3.js" server="brooksidewalkandtrain.com//Brookside/" local="3582721483" remote="3378517200" Dst="-1" /><file name="jquery.js" server="brooksidewalkandtrain.com//Brookside/" local="3582721483" remote="3378517200" Dst="-1" /><file name="list_data.php" server="brooksidewalkandtrain.com//Brookside/" local="3582721483" remote="3378517200" Dst="-1" /><file name="myJS.js" server="brooksidewalkandtrain.com//Brookside/" local="3582721483" remote="3378517200" Dst="-1" /><file name="panels.js" server="brooksidewalkandtrain.com//Brookside/" local="3582721484" remote="3378517200" Dst="-1" /><file name="sliderLoop.js" server="brooksidewalkandtrain.com//Brookside/" local="3582721484" remote="3378517200" Dst="-1" /><file name="snad.js" server="brooksidewalkandtrain.com//Brookside/" local="3582721484" remote="3378517200" Dst="-1" /><file name="superfish.js" server="brooksidewalkandtrain.com//Brookside/" local="3582721484" remote="3378517200" Dst="-1" /><file name="swfobject.js" server="brooksidewalkandtrain.com//Brookside/" local="3582721484" remote="3378517200" Dst="-1" /><file name="ycodaslider-2.0.pack.js" server="brooksidewalkandtrain.com//Brookside/" local="3582721484" remote="3378517200" Dst="-1" /></dwsync>