<?xml version="1.0" encoding="utf-8" ?><dwsync><file name="AuxFunctions.as" server="brooksidewalkandtrain.com//Brookside/" local="3582721241" remote="3360196800" Dst="-1" /><file name="Equations.as" server="brooksidewalkandtrain.com//Brookside/" local="3582721244" remote="3360196800" Dst="-1" /><file name="PropertyInfoObj.as" server="brooksidewalkandtrain.com//Brookside/" local="3582721251" remote="3360196800" Dst="-1" /><file name="SpecialProperty.as" server="brooksidewalkandtrain.com//Brookside/" local="3582721251" remote="3360196800" Dst="-1" /><file name="SpecialPropertyModifier.as" server="brooksidewalkandtrain.com//Brookside/" local="3582721252" remote="3360196800" Dst="-1" /><file name="SpecialPropertySplitter.as" server="brooksidewalkandtrain.com//Brookside/" local="3582721252" remote="3360196800" Dst="-1" /><file name="TweenListObj.as" server="brooksidewalkandtrain.com//Brookside/" local="3582721252" remote="3360196800" Dst="-1" /><file name="Tweener.as" server="brooksidewalkandtrain.com//Brookside/" local="3582721253" remote="3360196800" Dst="-1" /></dwsync>