<?xml version="1.0" encoding="utf-8" ?><dwsync><file name="1.jpg" server="brooksidewalkandtrain.com//Brookside/" local="3582721089" remote="3360196800" Dst="-1" /><file name="3.jpg" server="brooksidewalkandtrain.com//Brookside/" local="3582721090" remote="3360196800" Dst="-1" /><file name="4.jpg" server="brooksidewalkandtrain.com//Brookside/" local="3582721090" remote="3360196800" Dst="-1" /><file name="6.jpg" server="brooksidewalkandtrain.com//Brookside/" local="3582721091" remote="3360196800" Dst="-1" /><file name="5.jpg" server="brooksidewalkandtrain.com//Brookside/" local="3582721092" remote="3360196800" Dst="-1" /><file name="7.jpg" server="brooksidewalkandtrain.com//Brookside/" local="3582721092" remote="3360196800" Dst="-1" /><file name="8.jpg" server="brooksidewalkandtrain.com//Brookside/" local="3582721092" remote="3360196800" Dst="-1" /><file name="9.jpg" server="brooksidewalkandtrain.com//Brookside/" local="3582721093" remote="3360196800" Dst="-1" /><file name="AboutYouBackDrop.jpg" server="brooksidewalkandtrain.com//Brookside/" local="3582721094" remote="3360283200" Dst="-1" /><file name="2.jpg" server="brooksidewalkandtrain.com//Brookside/" local="3582721094" remote="3360196800" Dst="-1" /><file name="HomeRaw_01.jpg" server="brooksidewalkandtrain.com//Brookside/" local="3582721096" remote="3360196800" Dst="-1" /><file name="HomeRaw_01.png" server="brooksidewalkandtrain.com//Brookside/" local="3582721096" remote="3374629200" Dst="-1" /><file name="Brookside copy.jpg" server="brooksidewalkandtrain.com//Brookside/" local="3582721096" remote="3359937600" Dst="-1" /><file name="HomeRaw_03.jpg" server="brooksidewalkandtrain.com//Brookside/" local="3582721097" remote="3360196800" Dst="-1" /><file name="HomeRaw_02.png" server="brooksidewalkandtrain.com//Brookside/" local="3582721097" remote="3360542400" Dst="-1" /><file name="HomeRaw_03.png" server="brooksidewalkandtrain.com//Brookside/" local="3582721097" remote="3360542400" Dst="-1" /><file name="HomeRaw_05.jpg" server="brooksidewalkandtrain.com//Brookside/" local="3582721097" remote="3360196800" Dst="-1" /><file name="Jade3.jpg" server="brooksidewalkandtrain.com//Brookside/" local="3582721098" remote="3359937600" Dst="-1" /><file name="HomeRaw_05.png" server="brooksidewalkandtrain.com//Brookside/" local="3582721099" remote="3374629200" Dst="-1" /><file name="JadeBackDropRaw.jpg" server="brooksidewalkandtrain.com//Brookside/" local="3582721099" remote="3374542800" Dst="-1" /><file name="NewrainBackdropRaw.html" server="brooksidewalkandtrain.com//Brookside/" local="3582721099" remote="3360542400" Dst="-1" /><file name="NewrainBackdropRaw_01.jpg" server="brooksidewalkandtrain.com//Brookside/" local="3582721103" remote="3360542400" Dst="-1" /><file name="NewrainBackdropRaw_02.jpg" server="brooksidewalkandtrain.com//Brookside/" local="3582721103" remote="3360542400" Dst="-1" /><file name="Jade .jpg" server="brooksidewalkandtrain.com//Brookside/" local="3582721104" remote="3359937600" Dst="-1" /><file name="NewrainBackdropRaw_02.png" server="brooksidewalkandtrain.com//Brookside/" local="3582721104" remote="3360542400" Dst="-1" /><file name="NewrainBackdropRaw_03.jpg" server="brooksidewalkandtrain.com//Brookside/" local="3582721104" remote="3360542400" Dst="-1" /><file name="NewrainBackdropRaw_04.jpg" server="brooksidewalkandtrain.com//Brookside/" local="3582721104" remote="3360542400" Dst="-1" /><file name="NewrainBackdropRaw_05.jpg" server="brooksidewalkandtrain.com//Brookside/" local="3582721105" remote="3360542400" Dst="-1" /><file name="NewrainBackdropRaw_06.jpg" server="brooksidewalkandtrain.com//Brookside/" local="3582721105" remote="3360542400" Dst="-1" /><file name="NewrainBackdropRaw_04.png" server="brooksidewalkandtrain.com//Brookside/" local="3582721107" remote="3360542400" Dst="-1" /><file name="PlayHead.jpg" server="brooksidewalkandtrain.com//Brookside/" local="3582721107" remote="3374542800" Dst="-1" /><file name="Pokey.jpg" server="brooksidewalkandtrain.com//Brookside/" local="3582721348" remote="3377826000" Dst="-1" /><file name="Pokey1.jpg" server="brooksidewalkandtrain.com//Brookside/" local="3582721350" remote="3377826000" Dst="-1" /><file name="Pokey3.jpg" server="brooksidewalkandtrain.com//Brookside/" local="3582721351" remote="3377826000" Dst="-1" /><file name="Pokey4.jpg" server="brooksidewalkandtrain.com//Brookside/" local="3582721358" remote="3377826000" Dst="-1" /><file name="Pokey5.jpg" server="brooksidewalkandtrain.com//Brookside/" local="3582721356" remote="3377826000" Dst="-1" /><file name="Pokey6.jpg" server="brooksidewalkandtrain.com//Brookside/" local="3582721361" remote="3377826000" Dst="-1" /><file name="Pokey7.gif" server="brooksidewalkandtrain.com//Brookside/" local="3582721358" remote="3377826000" Dst="-1" /><file name="PoliciesBackRaw_Duke.jpg" server="brooksidewalkandtrain.com//Brookside/" local="3582721119" remote="3374542800" Dst="-1" /><file name="Pi2.jpg" server="brooksidewalkandtrain.com//Brookside/" local="3582721348" remote="3377826000" Dst="-1" /><file name="SiteCreditLogo.png" server="brooksidewalkandtrain.com//Brookside/" local="3582721120" remote="3360542400" Dst="-1" /><file name="Pi3.jpg" server="brooksidewalkandtrain.com//Brookside/" local="3582721356" remote="3377826000" Dst="-1" /><file name="RawTrain.jpg" server="brooksidewalkandtrain.com//Brookside/" local="3582721122" remote="3374542800" Dst="-1" /><file name="TrainHead.jpg" server="brooksidewalkandtrain.com//Brookside/" local="3582721123" remote="3374542800" Dst="-1" /><file name="TrainBackDrop.jpg" server="brooksidewalkandtrain.com//Brookside/" local="3582721123" remote="3360542400" Dst="-1" /><file name="TrainBackgroundFull.jpg" server="brooksidewalkandtrain.com//Brookside/" local="3582721123" remote="3374542800" Dst="-1" /><file name="TrainingBackdrop.jpg" server="brooksidewalkandtrain.com//Brookside/" local="3582721123" remote="3360542400" Dst="-1" /><file name="TrainingBackdropPi copy.jpg" server="brooksidewalkandtrain.com//Brookside/" local="3582721124" remote="3360542400" Dst="-1" /><file name="TrainIcon.jpg" server="brooksidewalkandtrain.com//Brookside/" local="3582721124" remote="3360542400" Dst="-1" /><file name="TrainingBackdropPi_copy.jpg" server="brooksidewalkandtrain.com//Brookside/" local="3582721125" remote="3360542400" Dst="-1" /><file name="WalkHead.jpg" server="brooksidewalkandtrain.com//Brookside/" local="3582721125" remote="3374542800" Dst="-1" /><file name="TrainingBackdropPi-copy.jpg" server="brooksidewalkandtrain.com//Brookside/" local="3582721125" remote="3360542400" Dst="-1" /><file name="WalkTrainPlayRaw_01.png" server="brooksidewalkandtrain.com//Brookside/" local="3582721125" remote="3374542800" Dst="-1" /><file name="WalkTrainPlayRaw_03.png" server="brooksidewalkandtrain.com//Brookside/" local="3582721126" remote="3374542800" Dst="-1" /><file name="WalkTrainPlayRaw_05.png" server="brooksidewalkandtrain.com//Brookside/" local="3582721126" remote="3374542800" Dst="-1" /><file name="arrow.png" server="brooksidewalkandtrain.com//Brookside/" local="3582721126" remote="3374629200" Dst="-1" /><file name="bsIcon.png" server="brooksidewalkandtrain.com//Brookside/" local="3582721126" remote="3374542800" Dst="-1" /><file name="dogHouseIcon.jpg" server="brooksidewalkandtrain.com//Brookside/" local="3582721127" remote="3360456000" Dst="-1" /><file name="_MG_3333.JPG" server="brooksidewalkandtrain.com//Brookside/" local="3582721127" remote="3360542400" Dst="-1" /><file name="contactBackground.jpg" server="brooksidewalkandtrain.com//Brookside/" local="3582721127" remote="3374542800" Dst="-1" /><file name="facebook.png" server="brooksidewalkandtrain.com//Brookside/" local="3582721127" remote="3360542400" Dst="-1" /><file name="footerIcons_01.png" server="brooksidewalkandtrain.com//Brookside/" local="3582721128" remote="3374542800" Dst="-1" /><file name="footerIcons_02.png" server="brooksidewalkandtrain.com//Brookside/" local="3582721128" remote="3374542800" Dst="-1" /><file name="duke.png" server="brooksidewalkandtrain.com//Brookside/" local="3582721129" remote="3374542800" Dst="-1" /><file name="footerIcons_03.png" server="brooksidewalkandtrain.com//Brookside/" local="3582721129" remote="3374542800" Dst="-1" /><file name="homeBackground.jpg" server="brooksidewalkandtrain.com//Brookside/" local="3582721130" remote="3360542400" Dst="-1" /><file name="homeBackgroundRaw.jpg" server="brooksidewalkandtrain.com//Brookside/" local="3582721130" remote="3374542800" Dst="-1" /><file name="grassFooter.png" server="brooksidewalkandtrain.com//Brookside/" local="3582721130" remote="3374542800" Dst="-1" /><file name="icons_01.jpg" server="brooksidewalkandtrain.com//Brookside/" local="3582721130" remote="3359937600" Dst="-1" /><file name="icons_02.jpg" server="brooksidewalkandtrain.com//Brookside/" local="3582721131" remote="3360283200" Dst="-1" /><file name="inputBackground.png" server="brooksidewalkandtrain.com//Brookside/" local="3582721131" remote="3374542800" Dst="-1" /><file name="jumpDog.JPG" server="brooksidewalkandtrain.com//Brookside/" local="3582721131" remote="3359937600" Dst="-1" /><file name="kittyBack.jpg" server="brooksidewalkandtrain.com//Brookside/" local="3582721131" remote="3360542400" Dst="-1" /><file name="lineBreak.jpg" server="brooksidewalkandtrain.com//Brookside/" local="3582721132" remote="3359937600" Dst="-1" /><file name="lineBreakBlue.jpg" server="brooksidewalkandtrain.com//Brookside/" local="3582721132" remote="3374542800" Dst="-1" /><file name="homeBackgroundRaw.png" server="brooksidewalkandtrain.com//Brookside/" local="3582721133" remote="3374542800" Dst="-1" /><file name="logo.jpg" server="brooksidewalkandtrain.com//Brookside/" local="3582721448" remote="3377826000" Dst="-1" /><file name="logo.png" server="brooksidewalkandtrain.com//Brookside/" local="3582721133" remote="3360542400" Dst="-1" /><file name="pack10.jpg" server="brooksidewalkandtrain.com//Brookside/" local="3582721451" remote="3377826000" Dst="-1" /><file name="pack11.jpg" server="brooksidewalkandtrain.com//Brookside/" local="3582721455" remote="3377826000" Dst="-1" /><file name="pack12.jpg" server="brooksidewalkandtrain.com//Brookside/" local="3582721457" remote="3377826000" Dst="-1" /><file name="pack3.jpg" server="brooksidewalkandtrain.com//Brookside/" local="3582721459" remote="3377826000" Dst="-1" /><file name="pack4.jpg" server="brooksidewalkandtrain.com//Brookside/" local="3582721460" remote="3377826000" Dst="-1" /><file name="pack5.jpg" server="brooksidewalkandtrain.com//Brookside/" local="3582721463" remote="3377826000" Dst="-1" /><file name="pack7.jpg" server="brooksidewalkandtrain.com//Brookside/" local="3582721462" remote="3377826000" Dst="-1" /><file name="policiesBackground.jpg" server="brooksidewalkandtrain.com//Brookside/" local="3582721143" remote="3360283200" Dst="-1" /><file name="pack8.jpg" server="brooksidewalkandtrain.com//Brookside/" local="3582721465" remote="3377826000" Dst="-1" /><file name="pack13.jpg" server="brooksidewalkandtrain.com//Brookside/" local="3582721459" remote="3377826000" Dst="-1" /><file name="siteCredit.png" server="brooksidewalkandtrain.com//Brookside/" local="3582721145" remote="3374542800" Dst="-1" /><file name="policiesBackgroundRaw.jpg" server="brooksidewalkandtrain.com//Brookside/" local="3582721145" remote="3360283200" Dst="-1" /><file name="testimonialsBack.jpg" server="brooksidewalkandtrain.com//Brookside/" local="3582721146" remote="3374542800" Dst="-1" /><file name="trainingBackground.jpg" server="brooksidewalkandtrain.com//Brookside/" local="3582721146" remote="3360542400" Dst="-1" /><file name="walkBackdropRaw.jpg" server="brooksidewalkandtrain.com//Brookside/" local="3582721147" remote="3374542800" Dst="-1" /><file name="walkBackdropRaw copy.jpg" server="brooksidewalkandtrain.com//Brookside/" local="3582721147" remote="3360542400" Dst="-1" /><file name="walkIcon.jpg" server="brooksidewalkandtrain.com//Brookside/" local="3582721147" remote="3360283200" Dst="-1" /><file name="yelp.png" server="brooksidewalkandtrain.com//Brookside/" local="3582721147" remote="3360542400" Dst="-1" /><file name="ContactBack.png" server="brooksidewalkandtrain.com//Brookside/" local="3582721324" remote="3377826000" Dst="-1" /><file name="AboutDog.png" server="brooksidewalkandtrain.com//Brookside/" local="3582721325" remote="3377826000" Dst="-1" /><file name="Dinyee.jpg" server="brooksidewalkandtrain.com//Brookside/" local="3582721327" remote="3377826000" Dst="-1" /><file name="Dinyee_01.png" server="brooksidewalkandtrain.com//Brookside/" local="3582721330" remote="3377826000" Dst="-1" /><file name="Dinyee_02.png" server="brooksidewalkandtrain.com//Brookside/" local="3582721330" remote="3377826000" Dst="-1" /><file name="Dinyee_03.png" server="brooksidewalkandtrain.com//Brookside/" local="3582721331" remote="3377826000" Dst="-1" /><file name="Dinyee_04.png" server="brooksidewalkandtrain.com//Brookside/" local="3582721333" remote="3377826000" Dst="-1" /><file name="DinyeeRAW.psd" server="brooksidewalkandtrain.com//Brookside/" local="3582721334" remote="3377826000" Dst="-1" /><file name="Dinyee_05.png" server="brooksidewalkandtrain.com//Brookside/" local="3582721334" remote="3377826000" Dst="-1" /><file name="Dinyee_06.png" server="brooksidewalkandtrain.com//Brookside/" local="3582721334" remote="3377826000" Dst="-1" /><file name="Dinyee_07.png" server="brooksidewalkandtrain.com//Brookside/" local="3582721335" remote="3377826000" Dst="-1" /><file name="Dinyee_08.png" server="brooksidewalkandtrain.com//Brookside/" local="3582721335" remote="3377826000" Dst="-1" /><file name="Dinyee_09.png" server="brooksidewalkandtrain.com//Brookside/" local="3582721335" remote="3377826000" Dst="-1" /><file name="Dinyee_10.png" server="brooksidewalkandtrain.com//Brookside/" local="3582721335" remote="3377826000" Dst="-1" /><file name="Dinyee_11.png" server="brooksidewalkandtrain.com//Brookside/" local="3582721336" remote="3377826000" Dst="-1" /><file name="Dinyee_12.png" server="brooksidewalkandtrain.com//Brookside/" local="3582721336" remote="3377826000" Dst="-1" /><file name="Dinyee_13.png" server="brooksidewalkandtrain.com//Brookside/" local="3582721338" remote="3377826000" Dst="-1" /><file name="Dinyee_14.png" server="brooksidewalkandtrain.com//Brookside/" local="3582721338" remote="3377826000" Dst="-1" /><file name="ABOUTraw.psd" server="brooksidewalkandtrain.com//Brookside/" local="3582721341" remote="3377826000" Dst="-1" /><file name="Dinyee_15.png" server="brooksidewalkandtrain.com//Brookside/" local="3582721341" remote="3377826000" Dst="-1" /><file name="Dinyee_16.png" server="brooksidewalkandtrain.com//Brookside/" local="3582721341" remote="3377826000" Dst="-1" /><file name="FenceTop.png" server="brooksidewalkandtrain.com//Brookside/" local="3582721341" remote="3377826000" Dst="-1" /><file name="Fixed_Walk.png" server="brooksidewalkandtrain.com//Brookside/" local="3582721341" remote="3377826000" Dst="-1" /><file name="FooterBack.jpg" server="brooksidewalkandtrain.com//Brookside/" local="3582721341" remote="3377826000" Dst="-1" /><file name="HeaderBack.png" server="brooksidewalkandtrain.com//Brookside/" local="3582721342" remote="3377826000" Dst="-1" /><file name="HowHappy.png" server="brooksidewalkandtrain.com//Brookside/" local="3582721343" remote="3377826000" Dst="-1" /><file name="MeetDinyee.png" server="brooksidewalkandtrain.com//Brookside/" local="3582721344" remote="3377826000" Dst="-1" /><file name="PlayBIG.png" server="brooksidewalkandtrain.com//Brookside/" local="3582721345" remote="3377826000" Dst="-1" /><file name="Pokey.png" server="brooksidewalkandtrain.com//Brookside/" local="3582721349" remote="3377826000" Dst="-1" /><file name="Pokey1.png" server="brooksidewalkandtrain.com//Brookside/" local="3582721351" remote="3377826000" Dst="-1" /><file name="Pokey3.png" server="brooksidewalkandtrain.com//Brookside/" local="3582721356" remote="3377826000" Dst="-1" /><file name="Pokey4.png" server="brooksidewalkandtrain.com//Brookside/" local="3582721356" remote="3377826000" Dst="-1" /><file name="Pokey5.png" server="brooksidewalkandtrain.com//Brookside/" local="3582721358" remote="3377826000" Dst="-1" /><file name="Pokey6.png" server="brooksidewalkandtrain.com//Brookside/" local="3582721358" remote="3377826000" Dst="-1" /><file name="Pokey7.png" server="brooksidewalkandtrain.com//Brookside/" local="3582721359" remote="3377826000" Dst="-1" /><file name="PoliciesBack_01.png" server="brooksidewalkandtrain.com//Brookside/" local="3582721359" remote="3377826000" Dst="-1" /><file name="PoliciesBack_02.png" server="brooksidewalkandtrain.com//Brookside/" local="3582721360" remote="3377826000" Dst="-1" /><file name="PoliciesBack.png" server="brooksidewalkandtrain.com//Brookside/" local="3582721361" remote="3377826000" Dst="-1" /><file name="PoliciesBack_03.png" server="brooksidewalkandtrain.com//Brookside/" local="3582721361" remote="3377826000" Dst="-1" /><file name="PoliciesBack_04.png" server="brooksidewalkandtrain.com//Brookside/" local="3582721361" remote="3377826000" Dst="-1" /><file name="PoliciesBack_05.png" server="brooksidewalkandtrain.com//Brookside/" local="3582721361" remote="3377826000" Dst="-1" /><file name="PoliciesBack_06.png" server="brooksidewalkandtrain.com//Brookside/" local="3582721362" remote="3377826000" Dst="-1" /><file name="PoliciesBack_07.png" server="brooksidewalkandtrain.com//Brookside/" local="3582721362" remote="3377826000" Dst="-1" /><file name="PoliciesBack_08.png" server="brooksidewalkandtrain.com//Brookside/" local="3582721362" remote="3377826000" Dst="-1" /><file name="PoliciesBack_09.png" server="brooksidewalkandtrain.com//Brookside/" local="3582721362" remote="3377826000" Dst="-1" /><file name="PoliciesBack_10.png" server="brooksidewalkandtrain.com//Brookside/" local="3582721362" remote="3377826000" Dst="-1" /><file name="PoliciesBack_11.png" server="brooksidewalkandtrain.com//Brookside/" local="3582721362" remote="3377826000" Dst="-1" /><file name="PoliciesBack_12.png" server="brooksidewalkandtrain.com//Brookside/" local="3582721363" remote="3377826000" Dst="-1" /><file name="PoliciesBack_13.png" server="brooksidewalkandtrain.com//Brookside/" local="3582721363" remote="3377826000" Dst="-1" /><file name="PoliciesBack_14.png" server="brooksidewalkandtrain.com//Brookside/" local="3582721364" remote="3377826000" Dst="-1" /><file name="PoliciesBack_15.png" server="brooksidewalkandtrain.com//Brookside/" local="3582721365" remote="3377826000" Dst="-1" /><file name="PoliciesBack_17.png" server="brooksidewalkandtrain.com//Brookside/" local="3582721365" remote="3377826000" Dst="-1" /><file name="PoliciesBack_18.png" server="brooksidewalkandtrain.com//Brookside/" local="3582721366" remote="3377826000" Dst="-1" /><file name="PoliciesBack_19.png" server="brooksidewalkandtrain.com//Brookside/" local="3582721366" remote="3377826000" Dst="-1" /><file name="PoliciesBack_20.png" server="brooksidewalkandtrain.com//Brookside/" local="3582721366" remote="3377826000" Dst="-1" /><file name="PoliciesBack_21.png" server="brooksidewalkandtrain.com//Brookside/" local="3582721367" remote="3377826000" Dst="-1" /><file name="PoliciesBack_22.png" server="brooksidewalkandtrain.com//Brookside/" local="3582721367" remote="3377826000" Dst="-1" /><file name="PoliciesBack_23.png" server="brooksidewalkandtrain.com//Brookside/" local="3582721369" remote="3377826000" Dst="-1" /><file name="PoliciesBack_16.png" server="brooksidewalkandtrain.com//Brookside/" local="3582721369" remote="3377826000" Dst="-1" /><file name="PoliciesBack_24.png" server="brooksidewalkandtrain.com//Brookside/" local="3582721370" remote="3377826000" Dst="-1" /><file name="PoliciesBack_25.png" server="brooksidewalkandtrain.com//Brookside/" local="3582721370" remote="3377826000" Dst="-1" /><file name="Scrol_Train.png" server="brooksidewalkandtrain.com//Brookside/" local="3582721370" remote="3377826000" Dst="-1" /><file name="Scroll_Play.png" server="brooksidewalkandtrain.com//Brookside/" local="3582721370" remote="3377826000" Dst="-1" /><file name="Scroll_Walk.png" server="brooksidewalkandtrain.com//Brookside/" local="3582721370" remote="3377826000" Dst="-1" /><file name="Serivces_Kitty.png" server="brooksidewalkandtrain.com//Brookside/" local="3582721372" remote="3377826000" Dst="-1" /><file name="SliderBack.jpg" server="brooksidewalkandtrain.com//Brookside/" local="3582721373" remote="3377826000" Dst="-1" /><file name="Thumbtack.png" server="brooksidewalkandtrain.com//Brookside/" local="3582721373" remote="3390868800" Dst="-1" /><file name="TrainBIG.png" server="brooksidewalkandtrain.com//Brookside/" local="3582721373" remote="3377826000" Dst="-1" /><file name="WT_Jade.png" server="brooksidewalkandtrain.com//Brookside/" local="3582721374" remote="3377826000" Dst="-1" /><file name="WT_Jessie.png" server="brooksidewalkandtrain.com//Brookside/" local="3582721381" remote="3377826000" Dst="-1" /><file name="WT_Pi.png" server="brooksidewalkandtrain.com//Brookside/" local="3582721386" remote="3377826000" Dst="-1" /><file name="WT_PlayHead.png" server="brooksidewalkandtrain.com//Brookside/" local="3582721387" remote="3377826000" Dst="-1" /><file name="WT_TrainHead.png" server="brooksidewalkandtrain.com//Brookside/" local="3582721387" remote="3377826000" Dst="-1" /><file name="WT_Dinyee.png" server="brooksidewalkandtrain.com//Brookside/" local="3582721389" remote="3377826000" Dst="-1" /><file name="WT_WalkHead.png" server="brooksidewalkandtrain.com//Brookside/" local="3582721389" remote="3377826000" Dst="-1" /><file name="WalkBIG.png" server="brooksidewalkandtrain.com//Brookside/" local="3582721390" remote="3377826000" Dst="-1" /><file name="WhiteBack.png" server="brooksidewalkandtrain.com//Brookside/" local="3582721390" remote="3377826000" Dst="-1" /><file name="about_01.png" server="brooksidewalkandtrain.com//Brookside/" local="3582721391" remote="3377826000" Dst="-1" /><file name="about_02.png" server="brooksidewalkandtrain.com//Brookside/" local="3582721392" remote="3377826000" Dst="-1" /><file name="about_03.png" server="brooksidewalkandtrain.com//Brookside/" local="3582721396" remote="3377826000" Dst="-1" /><file name="about.html" server="brooksidewalkandtrain.com//Brookside/" local="3582721397" remote="3377826000" Dst="-1" /><file name="about_05.png" server="brooksidewalkandtrain.com//Brookside/" local="3582721405" remote="3377826000" Dst="-1" /><file name="about_04.png" server="brooksidewalkandtrain.com//Brookside/" local="3582721405" remote="3377826000" Dst="-1" /><file name="about_06.png" server="brooksidewalkandtrain.com//Brookside/" local="3582721405" remote="3377826000" Dst="-1" /><file name="about_07.png" server="brooksidewalkandtrain.com//Brookside/" local="3582721406" remote="3377826000" Dst="-1" /><file name="about_08.png" server="brooksidewalkandtrain.com//Brookside/" local="3582721407" remote="3377826000" Dst="-1" /><file name="about_09.png" server="brooksidewalkandtrain.com//Brookside/" local="3582721407" remote="3377826000" Dst="-1" /><file name="about_10.png" server="brooksidewalkandtrain.com//Brookside/" local="3582721407" remote="3377826000" Dst="-1" /><file name="about_11.png" server="brooksidewalkandtrain.com//Brookside/" local="3582721408" remote="3377826000" Dst="-1" /><file name="about_12.png" server="brooksidewalkandtrain.com//Brookside/" local="3582721408" remote="3377826000" Dst="-1" /><file name="about_13.png" server="brooksidewalkandtrain.com//Brookside/" local="3582721408" remote="3377826000" Dst="-1" /><file name="about_13.jpg" server="brooksidewalkandtrain.com//Brookside/" local="3582721408" remote="3377826000" Dst="-1" /><file name="about_14.png" server="brooksidewalkandtrain.com//Brookside/" local="3582721409" remote="3377826000" Dst="-1" /><file name="about_15.png" server="brooksidewalkandtrain.com//Brookside/" local="3582721409" remote="3377826000" Dst="-1" /><file name="about_16.png" server="brooksidewalkandtrain.com//Brookside/" local="3582721412" remote="3377826000" Dst="-1" /><file name="about_17.png" server="brooksidewalkandtrain.com//Brookside/" local="3582721414" remote="3377826000" Dst="-1" /><file name="about_18.jpg" server="brooksidewalkandtrain.com//Brookside/" local="3582721417" remote="3377826000" Dst="-1" /><file name="about_19.jpg" server="brooksidewalkandtrain.com//Brookside/" local="3582721424" remote="3377826000" Dst="-1" /><file name="about_19.png" server="brooksidewalkandtrain.com//Brookside/" local="3582721425" remote="3377826000" Dst="-1" /><file name="about_18.png" server="brooksidewalkandtrain.com//Brookside/" local="3582721441" remote="3377826000" Dst="-1" /><file name="SlidesRAW.psd" server="brooksidewalkandtrain.com//Brookside/" local="3582721441" remote="3377826000" Dst="-1" /><file name="about_20.png" server="brooksidewalkandtrain.com//Brookside/" local="3582721443" remote="3377826000" Dst="-1" /><file name="about_22.png" server="brooksidewalkandtrain.com//Brookside/" local="3582721444" remote="3377826000" Dst="-1" /><file name="about_21.png" server="brooksidewalkandtrain.com//Brookside/" local="3582721444" remote="3377826000" Dst="-1" /><file name="about_23.png" server="brooksidewalkandtrain.com//Brookside/" local="3582721444" remote="3377826000" Dst="-1" /><file name="about_24.png" server="brooksidewalkandtrain.com//Brookside/" local="3582721445" remote="3377826000" Dst="-1" /><file name="about_25.png" server="brooksidewalkandtrain.com//Brookside/" local="3582721445" remote="3377826000" Dst="-1" /><file name="bg.jpg" server="brooksidewalkandtrain.com//Brookside/" local="3582721446" remote="3377826000" Dst="-1" /><file name="favicon.ico" server="brooksidewalkandtrain.com//Brookside/" local="3582721446" remote="3379294800" Dst="-1" /><file name="facebookLogo.jpg" server="brooksidewalkandtrain.com//Brookside/" local="3582721446" remote="3377826000" Dst="-1" /><file name="footerBack.png" server="brooksidewalkandtrain.com//Brookside/" local="3582721447" remote="3377826000" Dst="-1" /><file name="grasser1.png" server="brooksidewalkandtrain.com//Brookside/" local="3582721448" remote="3377826000" Dst="-1" /><file name="grasser.png" server="brooksidewalkandtrain.com//Brookside/" local="3582721449" remote="3377826000" Dst="-1" /><file name="rua_01.png" server="brooksidewalkandtrain.com//Brookside/" local="3582721466" remote="3377826000" Dst="-1" /><file name="rua_02.png" server="brooksidewalkandtrain.com//Brookside/" local="3582721466" remote="3377826000" Dst="-1" /><file name="rua_03.png" server="brooksidewalkandtrain.com//Brookside/" local="3582721467" remote="3377826000" Dst="-1" /><file name="puppies.png" server="brooksidewalkandtrain.com//Brookside/" local="3582721467" remote="3377826000" Dst="-1" /><file name="rua_04.png" server="brooksidewalkandtrain.com//Brookside/" local="3582721467" remote="3377826000" Dst="-1" /><file name="rua_05.png" server="brooksidewalkandtrain.com//Brookside/" local="3582721467" remote="3377826000" Dst="-1" /><file name="rua_06.png" server="brooksidewalkandtrain.com//Brookside/" local="3582721467" remote="3377826000" Dst="-1" /><file name="rua_07.png" server="brooksidewalkandtrain.com//Brookside/" local="3582721469" remote="3377826000" Dst="-1" /><file name="rua_09.png" server="brooksidewalkandtrain.com//Brookside/" local="3582721470" remote="3377826000" Dst="-1" /><file name="rua_08.png" server="brooksidewalkandtrain.com//Brookside/" local="3582721470" remote="3377826000" Dst="-1" /><file name="rua_10.png" server="brooksidewalkandtrain.com//Brookside/" local="3582721471" remote="3377826000" Dst="-1" /><file name="rua_12.png" server="brooksidewalkandtrain.com//Brookside/" local="3582721471" remote="3377826000" Dst="-1" /><file name="rua_11.png" server="brooksidewalkandtrain.com//Brookside/" local="3582721471" remote="3377826000" Dst="-1" /><file name="rua_13.png" server="brooksidewalkandtrain.com//Brookside/" local="3582721471" remote="3377826000" Dst="-1" /><file name="rua_14.png" server="brooksidewalkandtrain.com//Brookside/" local="3582721473" remote="3377826000" Dst="-1" /><file name="rua_15.png" server="brooksidewalkandtrain.com//Brookside/" local="3582721473" remote="3377826000" Dst="-1" /><file name="rua_16.png" server="brooksidewalkandtrain.com//Brookside/" local="3582721473" remote="3377826000" Dst="-1" /><file name="rua_17.png" server="brooksidewalkandtrain.com//Brookside/" local="3582721473" remote="3377826000" Dst="-1" /><file name="rua_18.png" server="brooksidewalkandtrain.com//Brookside/" local="3582721473" remote="3377826000" Dst="-1" /><file name="rua_19.png" server="brooksidewalkandtrain.com//Brookside/" local="3582721474" remote="3377826000" Dst="-1" /><file name="rua_20.png" server="brooksidewalkandtrain.com//Brookside/" local="3582721474" remote="3377826000" Dst="-1" /><file name="rua_21.png" server="brooksidewalkandtrain.com//Brookside/" local="3582721474" remote="3377826000" Dst="-1" /><file name="rua_22.png" server="brooksidewalkandtrain.com//Brookside/" local="3582721474" remote="3377826000" Dst="-1" /><file name="rua_23.png" server="brooksidewalkandtrain.com//Brookside/" local="3582721475" remote="3377826000" Dst="-1" /><file name="rua_24.png" server="brooksidewalkandtrain.com//Brookside/" local="3582721475" remote="3377826000" Dst="-1" /><file name="rua_25.png" server="brooksidewalkandtrain.com//Brookside/" local="3582721476" remote="3377826000" Dst="-1" /><file name="sprite_default.png" server="brooksidewalkandtrain.com//Brookside/" local="3582721476" remote="3377826000" Dst="-1" /><file name="twitterLogo.jpg" server="brooksidewalkandtrain.com//Brookside/" local="3582721476" remote="3377826000" Dst="-1" /><file name="yelpLogo.jpg" server="brooksidewalkandtrain.com//Brookside/" local="3582721476" remote="3377826000" Dst="-1" /></dwsync>