<?xml version="1.0" encoding="utf-8" ?><dwsync><file name="1.jpg" server="brooksidewalkandtrain.com//Brookside/" local="3582721256" remote="3360196800" Dst="-1" /><file name="2.jpg" server="brooksidewalkandtrain.com//Brookside/" local="3582721256" remote="3360196800" Dst="-1" /><file name="3.jpg" server="brooksidewalkandtrain.com//Brookside/" local="3582721256" remote="3360196800" Dst="-1" /><file name="4.jpg" server="brooksidewalkandtrain.com//Brookside/" local="3582721256" remote="3360196800" Dst="-1" /><file name="6.jpg" server="brooksidewalkandtrain.com//Brookside/" local="3582721257" remote="3360196800" Dst="-1" /><file name="5.jpg" server="brooksidewalkandtrain.com//Brookside/" local="3582721257" remote="3360196800" Dst="-1" /><file name="8.jpg" server="brooksidewalkandtrain.com//Brookside/" local="3582721257" remote="3360196800" Dst="-1" /><file name="9.jpg" server="brooksidewalkandtrain.com//Brookside/" local="3582721258" remote="3360196800" Dst="-1" /><file name="7.jpg" server="brooksidewalkandtrain.com//Brookside/" local="3582721258" remote="3360196800" Dst="-1" /><file name="bg.jpg" server="brooksidewalkandtrain.com//Brookside/" local="3582721259" remote="3360196800" Dst="-1" /><file name="pack10.jpg" server="brooksidewalkandtrain.com//Brookside/" local="3582721272" remote="3360196800" Dst="-1" /><file name="pack12.jpg" server="brooksidewalkandtrain.com//Brookside/" local="3582721274" remote="3360196800" Dst="-1" /><file name="pack11.jpg" server="brooksidewalkandtrain.com//Brookside/" local="3582721276" remote="3360196800" Dst="-1" /><file name="pack3.jpg" server="brooksidewalkandtrain.com//Brookside/" local="3582721277" remote="3360196800" Dst="-1" /><file name="pack13.jpg" server="brooksidewalkandtrain.com//Brookside/" local="3582721281" remote="3360196800" Dst="-1" /><file name="pack4.jpg" server="brooksidewalkandtrain.com//Brookside/" local="3582721284" remote="3360196800" Dst="-1" /><file name="pack5.jpg" server="brooksidewalkandtrain.com//Brookside/" local="3582721289" remote="3360196800" Dst="-1" /><file name="pic_1.jpg" server="brooksidewalkandtrain.com//Brookside/" local="3582721291" remote="3360196800" Dst="-1" /><file name="pack7.jpg" server="brooksidewalkandtrain.com//Brookside/" local="3582721292" remote="3360196800" Dst="-1" /><file name="pic_2.jpg" server="brooksidewalkandtrain.com//Brookside/" local="3582721299" remote="3360196800" Dst="-1" /><file name="pic_3.jpg" server="brooksidewalkandtrain.com//Brookside/" local="3582721302" remote="3360196800" Dst="-1" /><file name="pack8.jpg" server="brooksidewalkandtrain.com//Brookside/" local="3582721302" remote="3360196800" Dst="-1" /><file name="pic_4.jpg" server="brooksidewalkandtrain.com//Brookside/" local="3582721303" remote="3360196800" Dst="-1" /><file name="pic_10.jpg" server="brooksidewalkandtrain.com//Brookside/" local="3582721303" remote="3360196800" Dst="-1" /><file name="pic_5.jpg" server="brooksidewalkandtrain.com//Brookside/" local="3582721303" remote="3360196800" Dst="-1" /><file name="pic_6.jpg" server="brooksidewalkandtrain.com//Brookside/" local="3582721303" remote="3360196800" Dst="-1" /><file name="pic_7.jpg" server="brooksidewalkandtrain.com//Brookside/" local="3582721303" remote="3360196800" Dst="-1" /><file name="pic_8.jpg" server="brooksidewalkandtrain.com//Brookside/" local="3582721303" remote="3360196800" Dst="-1" /><file name="pic_9.jpg" server="brooksidewalkandtrain.com//Brookside/" local="3582721304" remote="3360196800" Dst="-1" /></dwsync>