﻿<gallery>
	<settings>
		<imagesFolder>images/</imagesFolder>		
		<bgImage  alpha="100" source="images/bg.jpg"/>

		<image align="center" cornerRadius="0" scaleMode="fill" transitionEffect="fade" useShadow="true"/>
		<thumbnail width="60" height="40" cornerRadius="0" alpha="70" outlineColor="0xFFFFFF" outlineColorOnRollOver="0xFFFFFF" outlineColorOnClick="0x8B0000" useShadow="true" usePreview="true"/>
		<thumbBar scrollSpeed="10" position="bottom"/>
		<preview  alpha="100" width="200" height="100" outlineColor="0xFFFFFF" useShadow="true" cornerRadius="0"/>
		<caption position="bottom" visibleMode="onRollOver" bgAlpha="30" color="0xFFFFFF" bgColor="0x000000" fontName="Verdana" fontSize="12"/>
		<slideshow start="false" delay="3" loop="true" stopAutoOnClick="true"/>
		<preloader alpha="100" usePreloader="true" />
		<buttons fullScreenButton="true" navigationButtons="true" slideshowButton="true" />
		<sounds onRollOver="" onClick="" />

		<picasa user="" albumID="" />
	</settings>
	<items>
		<item source="Images/1.jpg" thumb="" description="Image 1" link="http://flash-gallery.com" target="_blank"/>
		<item source="2.jpg" thumb="" description="Image 2" link="http://www.flash-gallery.com/art-flash-gallery/" target="_blank"/>
		<item source="3.jpg" thumb="" description="Image 3" link="" target="_blank"/>
		<item source="4.jpg" description="Image 4" link="" target="_blank"/>
		<item source="5.jpg" description="Image 5" link="" target="_blank"/>
		<item source="6.jpg" description="Image 6" link="" target="_blank"/>
		<item source="7.jpg" description="Image 7" link="" target="_blank"/>
		<item source="8.jpg" description="Image 8" link="" target="_blank"/>
		<item source="9.jpg" description="Image 9"/>
	</items>
</gallery>								 