<?xml version="1.0" encoding="utf-8" ?><dwsync><file name="ajaxfileupload.js" server="brooksidewalkandtrain.com//Brookside/" local="3582721519" remote="3378517200" Dst="-1" /><file name="jQuery.frameReady.js" server="brooksidewalkandtrain.com//Brookside/" local="3582721524" remote="3378517200" Dst="-1" /><file name="jquery.alphanumeric.js" server="brooksidewalkandtrain.com//Brookside/" local="3582721525" remote="3378517200" Dst="-1" /><file name="jquery.infieldlabel.js" server="brooksidewalkandtrain.com//Brookside/" local="3582721525" remote="3378517200" Dst="-1" /><file name="jquery.livequery.min.js" server="brooksidewalkandtrain.com//Brookside/" local="3582721525" remote="3378517200" Dst="-1" /><file name="jquery-ui-1.8.5.custom.min.js" server="brooksidewalkandtrain.com//Brookside/" local="3582721525" remote="3378517200" Dst="-1" /><file name="jquery.qtip-1.0.0-rc3.min.js" server="brooksidewalkandtrain.com//Brookside/" local="3582721526" remote="3378517200" Dst="-1" /><file name="jquery.js" server="brooksidewalkandtrain.com//Brookside/" local="3582721526" remote="3378517200" Dst="-1" /><file name="jquery.qtip-1.0.min.js" server="brooksidewalkandtrain.com//Brookside/" local="3582721526" remote="3378517200" Dst="-1" /><file name="validform.js" server="brooksidewalkandtrain.com//Brookside/" local="3582721527" remote="3378517200" Dst="-1" /></dwsync>