<?xml version="1.0" encoding="utf-8" ?><dwsync><file name="class.phpcaptcha.php" server="brooksidewalkandtrain.com//Brookside/" local="3582721511" remote="3378517200" Dst="-1" /><file name="class.classdynamic.php" server="brooksidewalkandtrain.com//Brookside/" local="3582721511" remote="3378517200" Dst="-1" /><file name="class.validform.php" server="brooksidewalkandtrain.com//Brookside/" local="3582721513" remote="3378517200" Dst="-1" /><file name="class.vf_captcha.php" server="brooksidewalkandtrain.com//Brookside/" local="3582721514" remote="3378517200" Dst="-1" /><file name="class.vf_checkbox.php" server="brooksidewalkandtrain.com//Brookside/" local="3582721514" remote="3378517200" Dst="-1" /><file name="class.vf_element.php" server="brooksidewalkandtrain.com//Brookside/" local="3582721514" remote="3378517200" Dst="-1" /><file name="class.vf_fieldset.php" server="brooksidewalkandtrain.com//Brookside/" local="3582721514" remote="3378517200" Dst="-1" /><file name="class.vf_file.php" server="brooksidewalkandtrain.com//Brookside/" local="3582721515" remote="3378517200" Dst="-1" /><file name="class.vf_area.php" server="brooksidewalkandtrain.com//Brookside/" local="3582721515" remote="3378517200" Dst="-1" /><file name="class.vf_group.php" server="brooksidewalkandtrain.com//Brookside/" local="3582721516" remote="3378517200" Dst="-1" /><file name="class.vf_groupfield.php" server="brooksidewalkandtrain.com//Brookside/" local="3582721516" remote="3378517200" Dst="-1" /><file name="class.vf_multifield.php" server="brooksidewalkandtrain.com//Brookside/" local="3582721517" remote="3378517200" Dst="-1" /><file name="class.vf_note.php" server="brooksidewalkandtrain.com//Brookside/" local="3582721517" remote="3378517200" Dst="-1" /><file name="class.vf_paragraph.php" server="brooksidewalkandtrain.com//Brookside/" local="3582721517" remote="3378517200" Dst="-1" /><file name="class.vf_password.php" server="brooksidewalkandtrain.com//Brookside/" local="3582721517" remote="3378517200" Dst="-1" /><file name="class.vf_fieldvalidator.php" server="brooksidewalkandtrain.com//Brookside/" local="3582721517" remote="3378517200" Dst="-1" /><file name="class.vf_select.php" server="brooksidewalkandtrain.com//Brookside/" local="3582721517" remote="3378517200" Dst="-1" /><file name="class.vf_selectgroup.php" server="brooksidewalkandtrain.com//Brookside/" local="3582721518" remote="3378517200" Dst="-1" /><file name="class.vf_selectoption.php" server="brooksidewalkandtrain.com//Brookside/" local="3582721518" remote="3378517200" Dst="-1" /><file name="class.vf_text.php" server="brooksidewalkandtrain.com//Brookside/" local="3582721518" remote="3378517200" Dst="-1" /><file name="class.vf_textarea.php" server="brooksidewalkandtrain.com//Brookside/" local="3582721518" remote="3378517200" Dst="-1" /><file name="class.vf_validator.php" server="brooksidewalkandtrain.com//Brookside/" local="3582721518" remote="3378517200" Dst="-1" /></dwsync>