<?xml version="1.0" encoding="utf-8" ?><dwsync><file name="pack10.jpg" server="brooksidewalkandtrain.com//Brookside/" local="3582721309" remote="3360283200" Dst="-1" /><file name="pack11.jpg" server="brooksidewalkandtrain.com//Brookside/" local="3582721310" remote="3361320000" Dst="-1" /><file name="pack12.jpg" server="brooksidewalkandtrain.com//Brookside/" local="3582721310" remote="3361320000" Dst="-1" /><file name="pack14.jpg" server="brooksidewalkandtrain.com//Brookside/" local="3582721311" remote="3361320000" Dst="-1" /><file name="pack13.jpg" server="brooksidewalkandtrain.com//Brookside/" local="3582721312" remote="3361320000" Dst="-1" /><file name="pack15.jpg" server="brooksidewalkandtrain.com//Brookside/" local="3582721312" remote="3374542800" Dst="-1" /><file name="pack3.jpg" server="brooksidewalkandtrain.com//Brookside/" local="3582721313" remote="3360283200" Dst="-1" /><file name="pack5.jpg" server="brooksidewalkandtrain.com//Brookside/" local="3582721315" remote="3360283200" Dst="-1" /><file name="pack4.jpg" server="brooksidewalkandtrain.com//Brookside/" local="3582721315" remote="3360283200" Dst="-1" /><file name="pack7.jpg" server="brooksidewalkandtrain.com//Brookside/" local="3582721315" remote="3360283200" Dst="-1" /><file name="pack8.jpg" server="brooksidewalkandtrain.com//Brookside/" local="3582721316" remote="3360283200" Dst="-1" /></dwsync>