<?xml version="1.0" encoding="utf-8" ?><dwsync><file name="HTMLFORM_TABLE_4D3B31EE87726.datetime.php" server="brooksidewalkandtrain.com//Brookside/" local="3582721477" remote="3378517200" Dst="-1" /><file name="HTMLFORM_TABLE_4D3B31EE87726.element_4d3b2e8b4a4d5.php" server="brooksidewalkandtrain.com//Brookside/" local="3582721477" remote="3378517200" Dst="-1" /><file name="HTMLFORM_TABLE_4D3B31EE87726.element_4d3b2ed83f116.php" server="brooksidewalkandtrain.com//Brookside/" local="3582721477" remote="3378517200" Dst="-1" /><file name="HTMLFORM_TABLE_4D3B31EE87726.element_4d3b2ee98d23c.php" server="brooksidewalkandtrain.com//Brookside/" local="3582721477" remote="3378517200" Dst="-1" /><file name="HTMLFORM_TABLE_4D3B31EE87726.element_4d3b2f3dd3a2b.php" server="brooksidewalkandtrain.com//Brookside/" local="3582721477" remote="3378517200" Dst="-1" /><file name="HTMLFORM_TABLE_4D3B31EE87726.element_4d3b2f5d4bb2c.php" server="brooksidewalkandtrain.com//Brookside/" local="3582721477" remote="3378517200" Dst="-1" /><file name="HTMLFORM_TABLE_4D3B31EE87726.element_4d3b2f6c1c3f5.php" server="brooksidewalkandtrain.com//Brookside/" local="3582721477" remote="3378517200" Dst="-1" /><file name="HTMLFORM_TABLE_4D3B31EE87726.element_4d3b2f7b85604.php" server="brooksidewalkandtrain.com//Brookside/" local="3582721478" remote="3378517200" Dst="-1" /><file name="HTMLFORM_TABLE_4D3B31EE87726.element_4d3b2f9f31a95.php" server="brooksidewalkandtrain.com//Brookside/" local="3582721478" remote="3378517200" Dst="-1" /><file name="HTMLFORM_TABLE_4D3B31EE87726.element_4d3b2ff817005.php" server="brooksidewalkandtrain.com//Brookside/" local="3582721478" remote="3378517200" Dst="-1" /><file name="HTMLFORM_TABLE_4D3B31EE87726.element_4d3b300bdf530.php" server="brooksidewalkandtrain.com//Brookside/" local="3582721478" remote="3378517200" Dst="-1" /><file name="HTMLFORM_TABLE_4D3B31EE87726.element_4d3b301aef5a1.php" server="brooksidewalkandtrain.com//Brookside/" local="3582721478" remote="3378517200" Dst="-1" /><file name="HTMLFORM_TABLE_4D3B31EE87726.element_4d3b304fc29bd.php" server="brooksidewalkandtrain.com//Brookside/" local="3582721478" remote="3378517200" Dst="-1" /><file name="HTMLFORM_TABLE_4D3B31EE87726.element_4d3b306f6c7cf.php" server="brooksidewalkandtrain.com//Brookside/" local="3582721479" remote="3378517200" Dst="-1" /><file name="HTMLFORM_TABLE_4D3B31EE87726.element_4d3b30874e91f.php" server="brooksidewalkandtrain.com//Brookside/" local="3582721479" remote="3378517200" Dst="-1" /><file name="HTMLFORM_TABLE_4D3B31EE87726.element_4d3b30aa39ddd.php" server="brooksidewalkandtrain.com//Brookside/" local="3582721479" remote="3378517200" Dst="-1" /><file name="HTMLFORM_TABLE_4D3B31EE87726.element_4d3b30be62841.php" server="brooksidewalkandtrain.com//Brookside/" local="3582721479" remote="3378517200" Dst="-1" /><file name="HTMLFORM_TABLE_4D3B31EE87726.element_4d3b30edf094b.php" server="brooksidewalkandtrain.com//Brookside/" local="3582721479" remote="3378517200" Dst="-1" /><file name="HTMLFORM_TABLE_4D3B31EE87726.id.php" server="brooksidewalkandtrain.com//Brookside/" local="3582721479" remote="3378517200" Dst="-1" /><file name="HTMLFORM_TABLE_4D3B31EE87726.ip.php" server="brooksidewalkandtrain.com//Brookside/" local="3582721479" remote="3378517200" Dst="-1" /><file name="HTMLFORM_TABLE_4D3B31EE87726.php" server="brooksidewalkandtrain.com//Brookside/" local="3582721480" remote="3378517200" Dst="-1" /><file name="gladius.db.master.php" server="brooksidewalkandtrain.com//Brookside/" local="3582721480" remote="3378517200" Dst="-1" /><file name="gladius.txt" server="brooksidewalkandtrain.com//Brookside/" local="3582721480" remote="3378517200" Dst="-1" /></dwsync>