<?xml version="1.0" encoding="utf-8" ?><dwsync><file name="LICENSE" server="brooksidewalkandtrain.com//Brookside/" local="3582721486" remote="3378517200" Dst="-1" /><file name="README" server="brooksidewalkandtrain.com//Brookside/" local="3582721486" remote="3378517200" Dst="-1" /><file name="gladius-testing.php" server="brooksidewalkandtrain.com//Brookside/" local="3582721487" remote="3378517200" Dst="-1" /><file name="gladius.php" server="brooksidewalkandtrain.com//Brookside/" local="3582721488" remote="3378517200" Dst="-1" /><file name="gladius_create.php" server="brooksidewalkandtrain.com//Brookside/" local="3582721488" remote="3378517200" Dst="-1" /><file name="gladius_create_database.php" server="brooksidewalkandtrain.com//Brookside/" local="3582721488" remote="3378517200" Dst="-1" /><file name="gladius_delete.php" server="brooksidewalkandtrain.com//Brookside/" local="3582721488" remote="3378517200" Dst="-1" /><file name="gladius_drop.php" server="brooksidewalkandtrain.com//Brookside/" local="3582721488" remote="3378517200" Dst="-1" /><file name="gladius_drop_database.php" server="brooksidewalkandtrain.com//Brookside/" local="3582721489" remote="3378517200" Dst="-1" /><file name="gladius_describe.php" server="brooksidewalkandtrain.com//Brookside/" local="3582721489" remote="3378517200" Dst="-1" /><file name="gladius_order.php" server="brooksidewalkandtrain.com//Brookside/" local="3582721489" remote="3378517200" Dst="-1" /><file name="gladius_insert.php" server="brooksidewalkandtrain.com//Brookside/" local="3582721489" remote="3378517200" Dst="-1" /><file name="gladius_rename.php" server="brooksidewalkandtrain.com//Brookside/" local="3582721489" remote="3378517200" Dst="-1" /><file name="gladius_rs.php" server="brooksidewalkandtrain.com//Brookside/" local="3582721490" remote="3378517200" Dst="-1" /><file name="gladius_show.php" server="brooksidewalkandtrain.com//Brookside/" local="3582721490" remote="3378517200" Dst="-1" /><file name="gladius_select.php" server="brooksidewalkandtrain.com//Brookside/" local="3582721491" remote="3378517200" Dst="-1" /><file name="gladius_show_databases.php" server="brooksidewalkandtrain.com//Brookside/" local="3582721491" remote="3378517200" Dst="-1" /><file name="gladius_sqlops.php" server="brooksidewalkandtrain.com//Brookside/" local="3582721491" remote="3378517200" Dst="-1" /><file name="gladius_truncate.php" server="brooksidewalkandtrain.com//Brookside/" local="3582721491" remote="3378517200" Dst="-1" /><file name="gladius_update.php" server="brooksidewalkandtrain.com//Brookside/" local="3582721491" remote="3378517200" Dst="-1" /></dwsync>