<?xml version="1.0" encoding="utf-8" ?><dwsync><file name=".DS_Store" server="brooksidewalkandtrain.com//Brookside/" local="3582721148" remote="3360196800" Dst="-1" /><file name="AC_RunActiveContent.js" server="brooksidewalkandtrain.com//Brookside/" local="3582721148" remote="3360196800" Dst="-1" /><file name="ArtFlashGalleryDemo.swf" server="brooksidewalkandtrain.com//Brookside/" local="3582721149" remote="3360196800" Dst="-1" /><file name="gallery.xml" server="brooksidewalkandtrain.com//Brookside/" local="3582721256" remote="3360196800" Dst="-1" /><file name="gallery.swf" server="brooksidewalkandtrain.com//Brookside/" local="3582721256" remote="3360110400" Dst="-1" /><file name="index.html" server="brooksidewalkandtrain.com//Brookside/" local="3582721304" remote="3360196800" Dst="-1" /><file name="instructions.html" server="brooksidewalkandtrain.com//Brookside/" local="3582721304" remote="3360196800" Dst="-1" /><file name="main.html" server="brooksidewalkandtrain.com//Brookside/" local="3582721304" remote="3360196800" Dst="-1" /><file name="main.swf" server="brooksidewalkandtrain.com//Brookside/" local="3582721305" remote="3360110400" Dst="-1" /><file name="main.fla" server="brooksidewalkandtrain.com//Brookside/" local="3582721306" remote="3360196800" Dst="-1" /></dwsync>