<?xml version="1.0" encoding="UTF-8"?>
<gallery imagesFolder="images">
	<image>
		<path>pack3.jpg</path>
		<title>MY PHOTO 1</title>
		<date>November 01 2008</date>
		<description><![CDATA[Lorem ipsum dolor sit amet, consectetuer <a href="http://store.flepstudio.org/"><font color="#99FF00"><strong> hiperlinks</strong></font></a>. Morbi a lorem quis sapien tincidunt adipiscing. Proin vel sapien. Vestibulum a orci. Sed fringilla accumsan nisl. Duis feugiat sem non ligula.]]></description>
	</image>
	
</gallery>