<?xml version="1.0" encoding="utf-8" ?><dwsync><file name="pack11.jpg" server="brooksidewalkandtrain.com//Brookside/" local="3582721166" remote="3360110400" Dst="-1" /><file name="pack10.jpg" server="brooksidewalkandtrain.com//Brookside/" local="3582721166" remote="3360110400" Dst="-1" /><file name="pack3.jpg" server="brooksidewalkandtrain.com//Brookside/" local="3582721180" remote="3360110400" Dst="-1" /><file name="pack12.jpg" server="brooksidewalkandtrain.com//Brookside/" local="3582721186" remote="3360110400" Dst="-1" /><file name="pack13.jpg" server="brooksidewalkandtrain.com//Brookside/" local="3582721206" remote="3360110400" Dst="-1" /><file name="pack5.jpg" server="brooksidewalkandtrain.com//Brookside/" local="3582721229" remote="3360110400" Dst="-1" /><file name="pack7.jpg" server="brooksidewalkandtrain.com//Brookside/" local="3582721237" remote="3360110400" Dst="-1" /><file name="pack8.jpg" server="brooksidewalkandtrain.com//Brookside/" local="3582721251" remote="3360110400" Dst="-1" /><file name="pack4.jpg" server="brooksidewalkandtrain.com//Brookside/" local="3582721253" remote="3360110400" Dst="-1" /></dwsync>