<?xml version="1.0" encoding="UTF-8"?>

<!-- slideShowTime - if set to 0, there is no autoslide -->

<banner width = "700" height = "350"
		backgroundColor = "0xf7931e"
		backgroundTransparency = "100"
		
		startWith = "1"
		barHeight = "25"
		fadeTransition = "false">

	<items>
	<item>
			<path>content/images/pack3.jpg</path>
			<url></url>
			<target>_self</target>
			<bar_color>0x333333</bar_color>
			<bar_transparency>15</bar_transparency>
			<slideShowTime>3</slideShowTime>
		</item>
		<item>
			<path>content/images/pack4.jpg</path>
			<url></url>
			<target>_self</target>
			<bar_color>0x333333</bar_color>
			<bar_transparency>15</bar_transparency>
			<slideShowTime>3</slideShowTime>
		</item>
		<item>
			<path>content/images/pack5.jpg</path>
			<url></url>
			<target>_self</target>
			<bar_color>0x333333</bar_color>
			<bar_transparency>15</bar_transparency>
			<slideShowTime>3</slideShowTime>
		</item>
		<item>
			<path>content/images/pack7.jpg</path>
			<url></url>
			<target>_self</target>
			<bar_color>0x333333</bar_color>
			<bar_transparency>15</bar_transparency>
			<slideShowTime>3</slideShowTime>
		</item>
		<item>
			<path>content/images/pack8.jpg</path>
			<url></url>
			<target>_self</target>
			<bar_color>0x333333</bar_color>
			<bar_transparency>15</bar_transparency>
			<slideShowTime>3</slideShowTime>
		</item>
		<item>
			<path>content/images/pack10.jpg</path>
			<url></url>
			<target>_self</target>
			<bar_color>0x333333</bar_color>
			<bar_transparency>15</bar_transparency>
			<slideShowTime>3</slideShowTime>
		</item>
		<item>
			<path>content/images/pack11.jpg</path>
			<url></url>
			<target>_self</target>
			<bar_color>0x333333</bar_color>
			<bar_transparency>15</bar_transparency>
			<slideShowTime>3</slideShowTime>
		</item>
		<item>
			<path>content/images/pack12.jpg</path>
			<url></url>
			<target>_self</target>
			<bar_color>0x333333</bar_color>
			<bar_transparency>15</bar_transparency>
			<slideShowTime>3</slideShowTime>
		</item>
		<item>
			<path>content/images/pack13.jpg</path>
			<url></url>
			<target>_self</target>
			<bar_color>0x333333</bar_color>
			<bar_transparency>15</bar_transparency>
			<slideShowTime>3</slideShowTime>
		</item>
		<item>
			<path>content/images/pack15.jpg</path>
			<url></url>
			<target>_self</target>
			<bar_color>0x333333</bar_color>
			<bar_transparency>15</bar_transparency>
			<slideShowTime>3</slideShowTime>
		</item>
		<item>
			<path>content/images/pack14.jpg</path>
			<url></url>
			<target>_self</target>
			<bar_color>0x333333</bar_color>
			<bar_transparency>15</bar_transparency>
			<slideShowTime>3</slideShowTime>
		</item>
				
	</items>
	
		
</banner>